<?xml version="1.0" encoding="UTF-8"?>
<sltp_graph version="1.1" packageUris="http://schema.mathworks.com/mf0/sltp_mm/R2020b_202003251737">
  <sltp.mm.core.Context type="sltp.mm.core.Context" uuid="6d1e9a7a-65c1-4434-99ae-fb3d4d738280">
    <editorState type="sltp.mm.core.EditorState" uuid="4ab7bb27-3914-4961-afd2-83f245f27bac"/>
    <rootTask type="sltp.mm.core.Task" uuid="ede6cc8b-7a2e-41ef-8c94-f3b2779fba00">
      <context type="sltp.mm.core.Context" uuid="6d1e9a7a-65c1-4434-99ae-fb3d4d738280"/>
      <explicit>false</explicit>
      <name>Default</name>
      <priority>-2147483648</priority>
      <subgraph type="sltp.mm.core.Graph" uuid="a1df5be9-1ad3-406d-bd04-e0f247823753"/>
    </rootTask>
  </sltp.mm.core.Context>
</sltp_graph>