<?xml version="1.0" encoding="UTF-8"?>
<sltp_editor version="1.1" packageUris="http://schema.mathworks.com/mf0/DiagramEditor/R2019a_20181107 http://schema.mathworks.com/mf0/SltpSyntax/R2020b_202005081148">
  <diagram.editor.model.Diagram type="diagram.editor.model.Diagram" uuid="21c33aaf-d3ea-40ba-be50-2770b7996a4f">
    <syntaxElement type="sltp.mm.syntax.Graph" uuid="a85841e6-48de-4047-961d-6db56d7cae17"/>
    <title>Default</title>
    <type>graph.Graph</type>
  </diagram.editor.model.Diagram>
  <sltp.mm.syntax.Context type="sltp.mm.syntax.Context" uuid="4e176f2a-63a6-4bd3-b169-07d390bff5f1">
    <rootGraph type="sltp.mm.syntax.Graph" uuid="a85841e6-48de-4047-961d-6db56d7cae17">
      <priorityDirection>HighNumberFirst</priorityDirection>
      <title>Default</title>
      <diagramElement type="diagram.editor.model.Diagram" uuid="21c33aaf-d3ea-40ba-be50-2770b7996a4f"/>
    </rootGraph>
  </sltp.mm.syntax.Context>
</sltp_editor>