<?xml version="1.0" encoding="UTF-8" standalone="yes" ?><cp:coreProperties xmlns:cp="http://schemas.openxmlformats.org/package/2006/metadata/core-properties" xmlns:dc="http://purl.org/dc/elements/1.1/" xmlns:dcmitype="http://purl.org/dc/dcmitype/" xmlns:dcterms="http://purl.org/dc/terms/" xmlns:xsi="http://www.w3.org/2001/XMLSchema-instance"><cp:category>model</cp:category><dcterms:created xsi:type="dcterms:W3CDTF">2021-06-26T04:32:00Z</dcterms:created><dc:creator>Maria</dc:creator><cp:lastModifiedBy>Maria</cp:lastModifiedBy><dcterms:modified xsi:type="dcterms:W3CDTF">2021-06-26T04:32:39Z</dcterms:modified><cp:version>R2020b</cp:version></cp:coreProperties>