<?xml version="1.0" encoding="utf-8"?>
<System>
  <P Name="Location">[2636, 184, 3630, 942]</P>
  <P Name="SystemRect">[0.000000, 0.000000, 0.000000, 0.000000]</P>
  <P Name="Open">on</P>
  <P Name="SetExecutionDomain">off</P>
  <P Name="ExecutionDomainType">Deduce</P>
  <P Name="ZoomFactor">80</P>
  <P Name="ReportName">simulink-default.rpt</P>
  <P Name="SIDHighWatermark">82</P>
  <P Name="SimulinkSubDomain">Simulink</P>
  <Block BlockType="SubSystem" Name="BAse_1_RIGID" SID="1">
    <P Name="Ports">[0, 0, 0, 0, 0, 0, 2]</P>
    <P Name="Position">[30, 250, 70, 290]</P>
    <P Name="ZOrder">1</P>
    <P Name="RequestExecContextInheritance">off</P>
    <P Name="ContentPreviewEnabled">on</P>
    <Mask>
      <Display/>
    </Mask>
    <System Ref="system_1"/>
  </Block>
  <Block BlockType="SubSystem" Name="BrazoB_1_1_RIGID" SID="2">
    <P Name="Ports">[0, 0, 0, 0, 0, 1, 1]</P>
    <P Name="Position">[235, 310, 275, 350]</P>
    <P Name="ZOrder">2</P>
    <P Name="RequestExecContextInheritance">off</P>
    <P Name="ContentPreviewEnabled">on</P>
    <Mask>
      <Display/>
    </Mask>
    <System Ref="system_2"/>
  </Block>
  <Block BlockType="SubSystem" Name="BrazoB_2_1_RIGID" SID="3">
    <P Name="Ports">[0, 0, 0, 0, 0, 1, 3]</P>
    <P Name="Position">[440, 310, 480, 350]</P>
    <P Name="ZOrder">3</P>
    <P Name="RequestExecContextInheritance">off</P>
    <P Name="ContentPreviewEnabled">on</P>
    <Mask>
      <Display/>
    </Mask>
    <System Ref="system_3"/>
  </Block>
  <Block BlockType="Reference" Name="Cylindrical" SID="4">
    <P Name="Ports">[0, 0, 0, 0, 0, 1, 1]</P>
    <P Name="Position">[745, 310, 785, 350]</P>
    <P Name="ZOrder">6</P>
    <P Name="LibraryVersion">7.21</P>
    <P Name="SourceBlock">sm_lib/Joints/Cylindrical
Joint</P>
    <P Name="SourceType">Cylindrical
Joint</P>
    <P Name="SourceProductBaseCode">MS</P>
    <InstanceData>
      <P Name="LogSimulationData">off</P>
      <P Name="JointMode">Normal</P>
      <P Name="SenseConstraintForce">off</P>
      <P Name="SenseConstraintForceX">off</P>
      <P Name="SenseConstraintForceY">off</P>
      <P Name="SenseConstraintForceZ">off</P>
      <P Name="SenseConstraintTorque">off</P>
      <P Name="SenseConstraintTorqueX">off</P>
      <P Name="SenseConstraintTorqueY">off</P>
      <P Name="SenseConstraintTorqueZ">off</P>
      <P Name="SenseTotalForce">off</P>
      <P Name="SenseTotalForceX">off</P>
      <P Name="SenseTotalForceY">off</P>
      <P Name="SenseTotalForceZ">off</P>
      <P Name="SenseTotalTorque">off</P>
      <P Name="SenseTotalTorqueX">off</P>
      <P Name="SenseTotalTorqueY">off</P>
      <P Name="SenseTotalTorqueZ">off</P>
      <P Name="CompositeWrenchDir">FollowerOnBase</P>
      <P Name="CompositeWrenchFrame">BaseFrame</P>
      <P Name="PzEquilibriumPosition">0</P>
      <P Name="PzEquilibriumPositionUnits">m</P>
      <P Name="PzEquilibriumPosition_conf">compiletime</P>
      <P Name="PzSpringStiffness">0</P>
      <P Name="PzSpringStiffnessUnits">N/m</P>
      <P Name="PzSpringStiffness_conf">compiletime</P>
      <P Name="PzDampingCoefficient">0</P>
      <P Name="PzDampingCoefficientUnits">N/(m/s)</P>
      <P Name="PzDampingCoefficient_conf">compiletime</P>
      <P Name="PzTorqueActuationMode">NoTorque</P>
      <P Name="PzMotionActuationMode">ComputedMotion</P>
      <P Name="PzSensePosition">off</P>
      <P Name="PzSenseVelocity">off</P>
      <P Name="PzSenseAcceleration">off</P>
      <P Name="PzSenseTorqueForce">off</P>
      <P Name="PzSenseLowerLimitTorqueForce">off</P>
      <P Name="PzSenseUpperLimitTorqueForce">off</P>
      <P Name="PzLowerLimitSpecify">off</P>
      <P Name="PzLowerLimitBound">-1</P>
      <P Name="PzLowerLimitBoundUnits">m</P>
      <P Name="PzLowerLimitBound_conf">compiletime</P>
      <P Name="PzLowerLimitStiffness">1e6</P>
      <P Name="PzLowerLimitStiffnessUnits">N/m</P>
      <P Name="PzLowerLimitStiffness_conf">compiletime</P>
      <P Name="PzLowerLimitDamping">1e3</P>
      <P Name="PzLowerLimitDampingUnits">N/(m/s)</P>
      <P Name="PzLowerLimitDamping_conf">compiletime</P>
      <P Name="PzLowerLimitTransitionRegionWidth">1e-4</P>
      <P Name="PzLowerLimitTransitionRegionWidthUnits">m</P>
      <P Name="PzLowerLimitTransitionRegionWidth_conf">compiletime</P>
      <P Name="PzUpperLimitSpecify">off</P>
      <P Name="PzUpperLimitBound">1</P>
      <P Name="PzUpperLimitBoundUnits">m</P>
      <P Name="PzUpperLimitBound_conf">compiletime</P>
      <P Name="PzUpperLimitStiffness">1e6</P>
      <P Name="PzUpperLimitStiffnessUnits">N/m</P>
      <P Name="PzUpperLimitStiffness_conf">compiletime</P>
      <P Name="PzUpperLimitDamping">1e3</P>
      <P Name="PzUpperLimitDampingUnits">N/(m/s)</P>
      <P Name="PzUpperLimitDamping_conf">compiletime</P>
      <P Name="PzUpperLimitTransitionRegionWidth">1e-4</P>
      <P Name="PzUpperLimitTransitionRegionWidthUnits">m</P>
      <P Name="PzUpperLimitTransitionRegionWidth_conf">compiletime</P>
      <P Name="PzPositionTargetSpecify">off</P>
      <P Name="PzPositionTargetPriority">High</P>
      <P Name="PzPositionTargetValue">0</P>
      <P Name="PzPositionTargetValueUnits">m</P>
      <P Name="PzPositionTargetValue_conf">compiletime</P>
      <P Name="PzVelocityTargetSpecify">off</P>
      <P Name="PzVelocityTargetPriority">High</P>
      <P Name="PzVelocityTargetValue">0</P>
      <P Name="PzVelocityTargetValueUnits">m/s</P>
      <P Name="PzVelocityTargetValue_conf">compiletime</P>
      <P Name="RzEquilibriumPosition">0</P>
      <P Name="RzEquilibriumPositionUnits">deg</P>
      <P Name="RzEquilibriumPosition_conf">compiletime</P>
      <P Name="RzSpringStiffness">0</P>
      <P Name="RzSpringStiffnessUnits">N*m/deg</P>
      <P Name="RzSpringStiffness_conf">compiletime</P>
      <P Name="RzDampingCoefficient">0</P>
      <P Name="RzDampingCoefficientUnits">N*m/(deg/s)</P>
      <P Name="RzDampingCoefficient_conf">compiletime</P>
      <P Name="RzTorqueActuationMode">NoTorque</P>
      <P Name="RzMotionActuationMode">ComputedMotion</P>
      <P Name="RzSensePosition">off</P>
      <P Name="RzSenseVelocity">off</P>
      <P Name="RzSenseAcceleration">off</P>
      <P Name="RzSenseTorqueForce">off</P>
      <P Name="RzSenseLowerLimitTorqueForce">off</P>
      <P Name="RzSenseUpperLimitTorqueForce">off</P>
      <P Name="RzLowerLimitSpecify">off</P>
      <P Name="RzLowerLimitBound">-90</P>
      <P Name="RzLowerLimitBoundUnits">deg</P>
      <P Name="RzLowerLimitBound_conf">compiletime</P>
      <P Name="RzLowerLimitStiffness">1e4</P>
      <P Name="RzLowerLimitStiffnessUnits">N*m/deg</P>
      <P Name="RzLowerLimitStiffness_conf">compiletime</P>
      <P Name="RzLowerLimitDamping">10</P>
      <P Name="RzLowerLimitDampingUnits">N*m/(deg/s)</P>
      <P Name="RzLowerLimitDamping_conf">compiletime</P>
      <P Name="RzLowerLimitTransitionRegionWidth">0.1</P>
      <P Name="RzLowerLimitTransitionRegionWidthUnits">deg</P>
      <P Name="RzLowerLimitTransitionRegionWidth_conf">compiletime</P>
      <P Name="RzUpperLimitSpecify">off</P>
      <P Name="RzUpperLimitBound">90</P>
      <P Name="RzUpperLimitBoundUnits">deg</P>
      <P Name="RzUpperLimitBound_conf">compiletime</P>
      <P Name="RzUpperLimitStiffness">1e4</P>
      <P Name="RzUpperLimitStiffnessUnits">N*m/deg</P>
      <P Name="RzUpperLimitStiffness_conf">compiletime</P>
      <P Name="RzUpperLimitDamping">10</P>
      <P Name="RzUpperLimitDampingUnits">N*m/(deg/s)</P>
      <P Name="RzUpperLimitDamping_conf">compiletime</P>
      <P Name="RzUpperLimitTransitionRegionWidth">0.1</P>
      <P Name="RzUpperLimitTransitionRegionWidthUnits">deg</P>
      <P Name="RzUpperLimitTransitionRegionWidth_conf">compiletime</P>
      <P Name="RzPositionTargetSpecify">off</P>
      <P Name="RzPositionTargetPriority">High</P>
      <P Name="RzPositionTargetValue">0</P>
      <P Name="RzPositionTargetValueUnits">deg</P>
      <P Name="RzPositionTargetValue_conf">compiletime</P>
      <P Name="RzVelocityTargetSpecify">off</P>
      <P Name="RzVelocityTargetPriority">High</P>
      <P Name="RzVelocityTargetValue">0</P>
      <P Name="RzVelocityTargetValueUnits">deg/s</P>
      <P Name="RzVelocityTargetValue_conf">compiletime</P>
    </InstanceData>
  </Block>
  <Block BlockType="Reference" Name="Cylindrical1" SID="5">
    <P Name="Ports">[0, 0, 0, 0, 0, 1, 1]</P>
    <P Name="Position">[745, 210, 785, 250]</P>
    <P Name="ZOrder">7</P>
    <P Name="LibraryVersion">7.21</P>
    <P Name="SourceBlock">sm_lib/Joints/Cylindrical
Joint</P>
    <P Name="SourceType">Cylindrical
Joint</P>
    <P Name="SourceProductBaseCode">MS</P>
    <InstanceData>
      <P Name="LogSimulationData">off</P>
      <P Name="JointMode">Normal</P>
      <P Name="SenseConstraintForce">off</P>
      <P Name="SenseConstraintForceX">off</P>
      <P Name="SenseConstraintForceY">off</P>
      <P Name="SenseConstraintForceZ">off</P>
      <P Name="SenseConstraintTorque">off</P>
      <P Name="SenseConstraintTorqueX">off</P>
      <P Name="SenseConstraintTorqueY">off</P>
      <P Name="SenseConstraintTorqueZ">off</P>
      <P Name="SenseTotalForce">off</P>
      <P Name="SenseTotalForceX">off</P>
      <P Name="SenseTotalForceY">off</P>
      <P Name="SenseTotalForceZ">off</P>
      <P Name="SenseTotalTorque">off</P>
      <P Name="SenseTotalTorqueX">off</P>
      <P Name="SenseTotalTorqueY">off</P>
      <P Name="SenseTotalTorqueZ">off</P>
      <P Name="CompositeWrenchDir">FollowerOnBase</P>
      <P Name="CompositeWrenchFrame">BaseFrame</P>
      <P Name="PzEquilibriumPosition">0</P>
      <P Name="PzEquilibriumPositionUnits">m</P>
      <P Name="PzEquilibriumPosition_conf">compiletime</P>
      <P Name="PzSpringStiffness">0</P>
      <P Name="PzSpringStiffnessUnits">N/m</P>
      <P Name="PzSpringStiffness_conf">compiletime</P>
      <P Name="PzDampingCoefficient">0</P>
      <P Name="PzDampingCoefficientUnits">N/(m/s)</P>
      <P Name="PzDampingCoefficient_conf">compiletime</P>
      <P Name="PzTorqueActuationMode">NoTorque</P>
      <P Name="PzMotionActuationMode">ComputedMotion</P>
      <P Name="PzSensePosition">off</P>
      <P Name="PzSenseVelocity">off</P>
      <P Name="PzSenseAcceleration">off</P>
      <P Name="PzSenseTorqueForce">off</P>
      <P Name="PzSenseLowerLimitTorqueForce">off</P>
      <P Name="PzSenseUpperLimitTorqueForce">off</P>
      <P Name="PzLowerLimitSpecify">off</P>
      <P Name="PzLowerLimitBound">-1</P>
      <P Name="PzLowerLimitBoundUnits">m</P>
      <P Name="PzLowerLimitBound_conf">compiletime</P>
      <P Name="PzLowerLimitStiffness">1e6</P>
      <P Name="PzLowerLimitStiffnessUnits">N/m</P>
      <P Name="PzLowerLimitStiffness_conf">compiletime</P>
      <P Name="PzLowerLimitDamping">1e3</P>
      <P Name="PzLowerLimitDampingUnits">N/(m/s)</P>
      <P Name="PzLowerLimitDamping_conf">compiletime</P>
      <P Name="PzLowerLimitTransitionRegionWidth">1e-4</P>
      <P Name="PzLowerLimitTransitionRegionWidthUnits">m</P>
      <P Name="PzLowerLimitTransitionRegionWidth_conf">compiletime</P>
      <P Name="PzUpperLimitSpecify">off</P>
      <P Name="PzUpperLimitBound">1</P>
      <P Name="PzUpperLimitBoundUnits">m</P>
      <P Name="PzUpperLimitBound_conf">compiletime</P>
      <P Name="PzUpperLimitStiffness">1e6</P>
      <P Name="PzUpperLimitStiffnessUnits">N/m</P>
      <P Name="PzUpperLimitStiffness_conf">compiletime</P>
      <P Name="PzUpperLimitDamping">1e3</P>
      <P Name="PzUpperLimitDampingUnits">N/(m/s)</P>
      <P Name="PzUpperLimitDamping_conf">compiletime</P>
      <P Name="PzUpperLimitTransitionRegionWidth">1e-4</P>
      <P Name="PzUpperLimitTransitionRegionWidthUnits">m</P>
      <P Name="PzUpperLimitTransitionRegionWidth_conf">compiletime</P>
      <P Name="PzPositionTargetSpecify">off</P>
      <P Name="PzPositionTargetPriority">High</P>
      <P Name="PzPositionTargetValue">0</P>
      <P Name="PzPositionTargetValueUnits">m</P>
      <P Name="PzPositionTargetValue_conf">compiletime</P>
      <P Name="PzVelocityTargetSpecify">off</P>
      <P Name="PzVelocityTargetPriority">High</P>
      <P Name="PzVelocityTargetValue">0</P>
      <P Name="PzVelocityTargetValueUnits">m/s</P>
      <P Name="PzVelocityTargetValue_conf">compiletime</P>
      <P Name="RzEquilibriumPosition">0</P>
      <P Name="RzEquilibriumPositionUnits">deg</P>
      <P Name="RzEquilibriumPosition_conf">compiletime</P>
      <P Name="RzSpringStiffness">0</P>
      <P Name="RzSpringStiffnessUnits">N*m/deg</P>
      <P Name="RzSpringStiffness_conf">compiletime</P>
      <P Name="RzDampingCoefficient">0</P>
      <P Name="RzDampingCoefficientUnits">N*m/(deg/s)</P>
      <P Name="RzDampingCoefficient_conf">compiletime</P>
      <P Name="RzTorqueActuationMode">NoTorque</P>
      <P Name="RzMotionActuationMode">ComputedMotion</P>
      <P Name="RzSensePosition">off</P>
      <P Name="RzSenseVelocity">off</P>
      <P Name="RzSenseAcceleration">off</P>
      <P Name="RzSenseTorqueForce">off</P>
      <P Name="RzSenseLowerLimitTorqueForce">off</P>
      <P Name="RzSenseUpperLimitTorqueForce">off</P>
      <P Name="RzLowerLimitSpecify">off</P>
      <P Name="RzLowerLimitBound">-90</P>
      <P Name="RzLowerLimitBoundUnits">deg</P>
      <P Name="RzLowerLimitBound_conf">compiletime</P>
      <P Name="RzLowerLimitStiffness">1e4</P>
      <P Name="RzLowerLimitStiffnessUnits">N*m/deg</P>
      <P Name="RzLowerLimitStiffness_conf">compiletime</P>
      <P Name="RzLowerLimitDamping">10</P>
      <P Name="RzLowerLimitDampingUnits">N*m/(deg/s)</P>
      <P Name="RzLowerLimitDamping_conf">compiletime</P>
      <P Name="RzLowerLimitTransitionRegionWidth">0.1</P>
      <P Name="RzLowerLimitTransitionRegionWidthUnits">deg</P>
      <P Name="RzLowerLimitTransitionRegionWidth_conf">compiletime</P>
      <P Name="RzUpperLimitSpecify">off</P>
      <P Name="RzUpperLimitBound">90</P>
      <P Name="RzUpperLimitBoundUnits">deg</P>
      <P Name="RzUpperLimitBound_conf">compiletime</P>
      <P Name="RzUpperLimitStiffness">1e4</P>
      <P Name="RzUpperLimitStiffnessUnits">N*m/deg</P>
      <P Name="RzUpperLimitStiffness_conf">compiletime</P>
      <P Name="RzUpperLimitDamping">10</P>
      <P Name="RzUpperLimitDampingUnits">N*m/(deg/s)</P>
      <P Name="RzUpperLimitDamping_conf">compiletime</P>
      <P Name="RzUpperLimitTransitionRegionWidth">0.1</P>
      <P Name="RzUpperLimitTransitionRegionWidthUnits">deg</P>
      <P Name="RzUpperLimitTransitionRegionWidth_conf">compiletime</P>
      <P Name="RzPositionTargetSpecify">off</P>
      <P Name="RzPositionTargetPriority">High</P>
      <P Name="RzPositionTargetValue">0</P>
      <P Name="RzPositionTargetValueUnits">deg</P>
      <P Name="RzPositionTargetValue_conf">compiletime</P>
      <P Name="RzVelocityTargetSpecify">off</P>
      <P Name="RzVelocityTargetPriority">High</P>
      <P Name="RzVelocityTargetValue">0</P>
      <P Name="RzVelocityTargetValueUnits">deg/s</P>
      <P Name="RzVelocityTargetValue_conf">compiletime</P>
    </InstanceData>
  </Block>
  <Block BlockType="SubSystem" Name="Gripper1_1_RIGID" SID="6">
    <P Name="Ports">[0, 0, 0, 0, 0, 1, 2]</P>
    <P Name="Position">[640, 435, 680, 475]</P>
    <P Name="ZOrder">8</P>
    <P Name="RequestExecContextInheritance">off</P>
    <P Name="ContentPreviewEnabled">on</P>
    <Mask>
      <Display/>
    </Mask>
    <System Ref="system_6"/>
  </Block>
  <Block BlockType="SubSystem" Name="Gripper2_1_RIGID" SID="7">
    <P Name="Ports">[0, 0, 0, 0, 0, 1, 1]</P>
    <P Name="Position">[640, 310, 680, 350]</P>
    <P Name="ZOrder">9</P>
    <P Name="RequestExecContextInheritance">off</P>
    <P Name="ContentPreviewEnabled">on</P>
    <Mask>
      <Display/>
    </Mask>
    <System Ref="system_7"/>
  </Block>
  <Block BlockType="SubSystem" Name="Gripper2_2_RIGID" SID="8">
    <P Name="Ports">[0, 0, 0, 0, 0, 1, 1]</P>
    <P Name="Position">[640, 210, 680, 250]</P>
    <P Name="ZOrder">10</P>
    <P Name="RequestExecContextInheritance">off</P>
    <P Name="ContentPreviewEnabled">on</P>
    <Mask>
      <Display/>
    </Mask>
    <System Ref="system_8"/>
  </Block>
  <Block BlockType="SubSystem" Name="Gripper3_1_RIGID" SID="9">
    <P Name="Ports">[0, 0, 0, 0, 0, 2]</P>
    <P Name="Position">[845, 385, 885, 425]</P>
    <P Name="ZOrder">11</P>
    <P Name="RequestExecContextInheritance">off</P>
    <P Name="ContentPreviewEnabled">on</P>
    <Mask>
      <Display/>
    </Mask>
    <System Ref="system_9"/>
  </Block>
  <Block BlockType="SubSystem" Name="Gripper3_2_RIGID" SID="10">
    <P Name="Ports">[0, 0, 0, 0, 0, 2]</P>
    <P Name="Position">[845, 270, 885, 310]</P>
    <P Name="ZOrder">12</P>
    <P Name="RequestExecContextInheritance">off</P>
    <P Name="ContentPreviewEnabled">on</P>
    <Mask>
      <Display/>
    </Mask>
    <System Ref="system_10"/>
  </Block>
  <Block BlockType="Reference" Name="MechanismConfiguration" SID="11">
    <P Name="Ports">[0, 0, 0, 0, 0, 0, 1]</P>
    <P Name="Position">[30, 30, 70, 70]</P>
    <P Name="ZOrder">13</P>
    <P Name="ShowName">off</P>
    <P Name="LibraryVersion">7.21</P>
    <P Name="SourceBlock">sm_lib/Utilities/Mechanism
Configuration</P>
    <P Name="SourceType">Mechanism
Configuration</P>
    <P Name="SourceProductBaseCode">MS</P>
    <InstanceData>
      <P Name="LogSimulationData">off</P>
      <P Name="UniformGravity">Constant</P>
      <P Name="GravityVector">[0 -9.80665 0]</P>
      <P Name="GravityVectorUnits">m/s^2</P>
      <P Name="GravityVector_conf">compiletime</P>
      <P Name="GravityUnits">m/s^2</P>
      <P Name="LinearizationDelta">0.001</P>
      <P Name="JointModeTransitionNonlinearIterations">2</P>
    </InstanceData>
  </Block>
  <Block BlockType="Reference" Name="Prismatic" SID="12">
    <P Name="Ports">[0, 0, 0, 0, 0, 1, 1]</P>
    <P Name="Position">[540, 420, 580, 460]</P>
    <P Name="ZOrder">14</P>
    <P Name="LibraryVersion">7.21</P>
    <P Name="SourceBlock">sm_lib/Joints/Prismatic
Joint</P>
    <P Name="SourceType">Prismatic
Joint</P>
    <P Name="SourceProductBaseCode">MS</P>
    <InstanceData>
      <P Name="LogSimulationData">off</P>
      <P Name="JointMode">Normal</P>
      <P Name="SenseConstraintForce">off</P>
      <P Name="SenseConstraintForceX">off</P>
      <P Name="SenseConstraintForceY">off</P>
      <P Name="SenseConstraintForceZ">off</P>
      <P Name="SenseConstraintTorque">off</P>
      <P Name="SenseConstraintTorqueX">off</P>
      <P Name="SenseConstraintTorqueY">off</P>
      <P Name="SenseConstraintTorqueZ">off</P>
      <P Name="SenseTotalForce">off</P>
      <P Name="SenseTotalForceX">off</P>
      <P Name="SenseTotalForceY">off</P>
      <P Name="SenseTotalForceZ">off</P>
      <P Name="SenseTotalTorque">off</P>
      <P Name="SenseTotalTorqueX">off</P>
      <P Name="SenseTotalTorqueY">off</P>
      <P Name="SenseTotalTorqueZ">off</P>
      <P Name="CompositeWrenchDir">FollowerOnBase</P>
      <P Name="CompositeWrenchFrame">BaseFrame</P>
      <P Name="EquilibriumPosition">0</P>
      <P Name="EquilibriumPositionUnits">m</P>
      <P Name="EquilibriumPosition_conf">compiletime</P>
      <P Name="SpringStiffness">0</P>
      <P Name="SpringStiffnessUnits">N/m</P>
      <P Name="SpringStiffness_conf">compiletime</P>
      <P Name="DampingCoefficient">0</P>
      <P Name="DampingCoefficientUnits">N/(m/s)</P>
      <P Name="DampingCoefficient_conf">compiletime</P>
      <P Name="TorqueActuationMode">NoTorque</P>
      <P Name="MotionActuationMode">ComputedMotion</P>
      <P Name="SensePosition">off</P>
      <P Name="SenseVelocity">off</P>
      <P Name="SenseAcceleration">off</P>
      <P Name="SenseTorqueForce">off</P>
      <P Name="SenseLowerLimitTorqueForce">off</P>
      <P Name="SenseUpperLimitTorqueForce">off</P>
      <P Name="LowerLimitSpecify">off</P>
      <P Name="LowerLimitBound">-1</P>
      <P Name="LowerLimitBoundUnits">m</P>
      <P Name="LowerLimitBound_conf">compiletime</P>
      <P Name="LowerLimitStiffness">1e6</P>
      <P Name="LowerLimitStiffnessUnits">N/m</P>
      <P Name="LowerLimitStiffness_conf">compiletime</P>
      <P Name="LowerLimitDamping">1e3</P>
      <P Name="LowerLimitDampingUnits">N/(m/s)</P>
      <P Name="LowerLimitDamping_conf">compiletime</P>
      <P Name="LowerLimitTransitionRegionWidth">1e-4</P>
      <P Name="LowerLimitTransitionRegionWidthUnits">m</P>
      <P Name="LowerLimitTransitionRegionWidth_conf">compiletime</P>
      <P Name="UpperLimitSpecify">off</P>
      <P Name="UpperLimitBound">1</P>
      <P Name="UpperLimitBoundUnits">m</P>
      <P Name="UpperLimitBound_conf">compiletime</P>
      <P Name="UpperLimitStiffness">1e6</P>
      <P Name="UpperLimitStiffnessUnits">N/m</P>
      <P Name="UpperLimitStiffness_conf">compiletime</P>
      <P Name="UpperLimitDamping">1e3</P>
      <P Name="UpperLimitDampingUnits">N/(m/s)</P>
      <P Name="UpperLimitDamping_conf">compiletime</P>
      <P Name="UpperLimitTransitionRegionWidth">1e-4</P>
      <P Name="UpperLimitTransitionRegionWidthUnits">m</P>
      <P Name="UpperLimitTransitionRegionWidth_conf">compiletime</P>
      <P Name="PositionTargetSpecify">on</P>
      <P Name="PositionTargetPriority">Low</P>
      <P Name="PositionTargetValue">smiData.PrismaticJoint(1).Pz.Pos</P>
      <P Name="PositionTargetValueUnits">m</P>
      <P Name="PositionTargetValue_conf">compiletime</P>
      <P Name="VelocityTargetSpecify">off</P>
      <P Name="VelocityTargetPriority">High</P>
      <P Name="VelocityTargetValue">0</P>
      <P Name="VelocityTargetValueUnits">m/s</P>
      <P Name="VelocityTargetValue_conf">compiletime</P>
    </InstanceData>
  </Block>
  <Block BlockType="Reference" Name="Prismatic1" SID="13">
    <P Name="Ports">[0, 0, 0, 0, 0, 1, 1]</P>
    <P Name="Position">[130, 210, 170, 250]</P>
    <P Name="ZOrder">15</P>
    <P Name="LibraryVersion">7.21</P>
    <P Name="SourceBlock">sm_lib/Joints/Prismatic
Joint</P>
    <P Name="SourceType">Prismatic
Joint</P>
    <P Name="SourceProductBaseCode">MS</P>
    <InstanceData>
      <P Name="LogSimulationData">off</P>
      <P Name="JointMode">Normal</P>
      <P Name="SenseConstraintForce">off</P>
      <P Name="SenseConstraintForceX">off</P>
      <P Name="SenseConstraintForceY">off</P>
      <P Name="SenseConstraintForceZ">off</P>
      <P Name="SenseConstraintTorque">off</P>
      <P Name="SenseConstraintTorqueX">off</P>
      <P Name="SenseConstraintTorqueY">off</P>
      <P Name="SenseConstraintTorqueZ">off</P>
      <P Name="SenseTotalForce">off</P>
      <P Name="SenseTotalForceX">off</P>
      <P Name="SenseTotalForceY">off</P>
      <P Name="SenseTotalForceZ">off</P>
      <P Name="SenseTotalTorque">off</P>
      <P Name="SenseTotalTorqueX">off</P>
      <P Name="SenseTotalTorqueY">off</P>
      <P Name="SenseTotalTorqueZ">off</P>
      <P Name="CompositeWrenchDir">FollowerOnBase</P>
      <P Name="CompositeWrenchFrame">BaseFrame</P>
      <P Name="EquilibriumPosition">0</P>
      <P Name="EquilibriumPositionUnits">m</P>
      <P Name="EquilibriumPosition_conf">compiletime</P>
      <P Name="SpringStiffness">0</P>
      <P Name="SpringStiffnessUnits">N/m</P>
      <P Name="SpringStiffness_conf">compiletime</P>
      <P Name="DampingCoefficient">0</P>
      <P Name="DampingCoefficientUnits">N/(m/s)</P>
      <P Name="DampingCoefficient_conf">compiletime</P>
      <P Name="TorqueActuationMode">NoTorque</P>
      <P Name="MotionActuationMode">ComputedMotion</P>
      <P Name="SensePosition">off</P>
      <P Name="SenseVelocity">off</P>
      <P Name="SenseAcceleration">off</P>
      <P Name="SenseTorqueForce">off</P>
      <P Name="SenseLowerLimitTorqueForce">off</P>
      <P Name="SenseUpperLimitTorqueForce">off</P>
      <P Name="LowerLimitSpecify">off</P>
      <P Name="LowerLimitBound">-1</P>
      <P Name="LowerLimitBoundUnits">m</P>
      <P Name="LowerLimitBound_conf">compiletime</P>
      <P Name="LowerLimitStiffness">1e6</P>
      <P Name="LowerLimitStiffnessUnits">N/m</P>
      <P Name="LowerLimitStiffness_conf">compiletime</P>
      <P Name="LowerLimitDamping">1e3</P>
      <P Name="LowerLimitDampingUnits">N/(m/s)</P>
      <P Name="LowerLimitDamping_conf">compiletime</P>
      <P Name="LowerLimitTransitionRegionWidth">1e-4</P>
      <P Name="LowerLimitTransitionRegionWidthUnits">m</P>
      <P Name="LowerLimitTransitionRegionWidth_conf">compiletime</P>
      <P Name="UpperLimitSpecify">off</P>
      <P Name="UpperLimitBound">1</P>
      <P Name="UpperLimitBoundUnits">m</P>
      <P Name="UpperLimitBound_conf">compiletime</P>
      <P Name="UpperLimitStiffness">1e6</P>
      <P Name="UpperLimitStiffnessUnits">N/m</P>
      <P Name="UpperLimitStiffness_conf">compiletime</P>
      <P Name="UpperLimitDamping">1e3</P>
      <P Name="UpperLimitDampingUnits">N/(m/s)</P>
      <P Name="UpperLimitDamping_conf">compiletime</P>
      <P Name="UpperLimitTransitionRegionWidth">1e-4</P>
      <P Name="UpperLimitTransitionRegionWidthUnits">m</P>
      <P Name="UpperLimitTransitionRegionWidth_conf">compiletime</P>
      <P Name="PositionTargetSpecify">on</P>
      <P Name="PositionTargetPriority">Low</P>
      <P Name="PositionTargetValue">smiData.PrismaticJoint(2).Pz.Pos</P>
      <P Name="PositionTargetValueUnits">m</P>
      <P Name="PositionTargetValue_conf">compiletime</P>
      <P Name="VelocityTargetSpecify">off</P>
      <P Name="VelocityTargetPriority">High</P>
      <P Name="VelocityTargetValue">0</P>
      <P Name="VelocityTargetValueUnits">m/s</P>
      <P Name="VelocityTargetValue_conf">compiletime</P>
    </InstanceData>
  </Block>
  <Block BlockType="Reference" Name="Revolute" SID="14">
    <P Name="Ports">[0, 0, 0, 0, 0, 1, 1]</P>
    <P Name="Position">[745, 510, 785, 550]</P>
    <P Name="ZOrder">16</P>
    <P Name="LibraryVersion">7.21</P>
    <P Name="SourceBlock">sm_lib/Joints/Revolute Joint</P>
    <P Name="SourceType">Revolute Joint</P>
    <P Name="SourceProductBaseCode">MS</P>
    <InstanceData>
      <P Name="LogSimulationData">off</P>
      <P Name="JointMode">Normal</P>
      <P Name="SenseConstraintForce">off</P>
      <P Name="SenseConstraintForceX">off</P>
      <P Name="SenseConstraintForceY">off</P>
      <P Name="SenseConstraintForceZ">off</P>
      <P Name="SenseConstraintTorque">off</P>
      <P Name="SenseConstraintTorqueX">off</P>
      <P Name="SenseConstraintTorqueY">off</P>
      <P Name="SenseConstraintTorqueZ">off</P>
      <P Name="SenseTotalForce">off</P>
      <P Name="SenseTotalForceX">off</P>
      <P Name="SenseTotalForceY">off</P>
      <P Name="SenseTotalForceZ">off</P>
      <P Name="SenseTotalTorque">off</P>
      <P Name="SenseTotalTorqueX">off</P>
      <P Name="SenseTotalTorqueY">off</P>
      <P Name="SenseTotalTorqueZ">off</P>
      <P Name="CompositeWrenchDir">FollowerOnBase</P>
      <P Name="CompositeWrenchFrame">BaseFrame</P>
      <P Name="EquilibriumPosition">0</P>
      <P Name="EquilibriumPositionUnits">deg</P>
      <P Name="EquilibriumPosition_conf">compiletime</P>
      <P Name="SpringStiffness">0</P>
      <P Name="SpringStiffnessUnits">N*m/deg</P>
      <P Name="SpringStiffness_conf">compiletime</P>
      <P Name="DampingCoefficient">0</P>
      <P Name="DampingCoefficientUnits">N*m/(deg/s)</P>
      <P Name="DampingCoefficient_conf">compiletime</P>
      <P Name="TorqueActuationMode">NoTorque</P>
      <P Name="MotionActuationMode">ComputedMotion</P>
      <P Name="SensePosition">off</P>
      <P Name="SenseVelocity">off</P>
      <P Name="SenseAcceleration">off</P>
      <P Name="SenseTorqueForce">off</P>
      <P Name="SenseLowerLimitTorqueForce">off</P>
      <P Name="SenseUpperLimitTorqueForce">off</P>
      <P Name="LowerLimitSpecify">off</P>
      <P Name="LowerLimitBound">-90</P>
      <P Name="LowerLimitBoundUnits">deg</P>
      <P Name="LowerLimitBound_conf">compiletime</P>
      <P Name="LowerLimitStiffness">1e4</P>
      <P Name="LowerLimitStiffnessUnits">N*m/deg</P>
      <P Name="LowerLimitStiffness_conf">compiletime</P>
      <P Name="LowerLimitDamping">10</P>
      <P Name="LowerLimitDampingUnits">N*m/(deg/s)</P>
      <P Name="LowerLimitDamping_conf">compiletime</P>
      <P Name="LowerLimitTransitionRegionWidth">0.1</P>
      <P Name="LowerLimitTransitionRegionWidthUnits">deg</P>
      <P Name="LowerLimitTransitionRegionWidth_conf">compiletime</P>
      <P Name="UpperLimitSpecify">off</P>
      <P Name="UpperLimitBound">90</P>
      <P Name="UpperLimitBoundUnits">deg</P>
      <P Name="UpperLimitBound_conf">compiletime</P>
      <P Name="UpperLimitStiffness">1e4</P>
      <P Name="UpperLimitStiffnessUnits">N*m/deg</P>
      <P Name="UpperLimitStiffness_conf">compiletime</P>
      <P Name="UpperLimitDamping">10</P>
      <P Name="UpperLimitDampingUnits">N*m/(deg/s)</P>
      <P Name="UpperLimitDamping_conf">compiletime</P>
      <P Name="UpperLimitTransitionRegionWidth">0.1</P>
      <P Name="UpperLimitTransitionRegionWidthUnits">deg</P>
      <P Name="UpperLimitTransitionRegionWidth_conf">compiletime</P>
      <P Name="PositionTargetSpecify">on</P>
      <P Name="PositionTargetPriority">Low</P>
      <P Name="PositionTargetValue">smiData.RevoluteJoint(1).Rz.Pos</P>
      <P Name="PositionTargetValueUnits">deg</P>
      <P Name="PositionTargetValue_conf">compiletime</P>
      <P Name="VelocityTargetSpecify">off</P>
      <P Name="VelocityTargetPriority">High</P>
      <P Name="VelocityTargetValue">0</P>
      <P Name="VelocityTargetValueUnits">deg/s</P>
      <P Name="VelocityTargetValue_conf">compiletime</P>
    </InstanceData>
  </Block>
  <Block BlockType="Reference" Name="Revolute1" SID="15">
    <P Name="Ports">[0, 0, 0, 0, 0, 1, 1]</P>
    <P Name="Position">[745, 410, 785, 450]</P>
    <P Name="ZOrder">17</P>
    <P Name="LibraryVersion">7.21</P>
    <P Name="SourceBlock">sm_lib/Joints/Revolute Joint</P>
    <P Name="SourceType">Revolute Joint</P>
    <P Name="SourceProductBaseCode">MS</P>
    <InstanceData>
      <P Name="LogSimulationData">off</P>
      <P Name="JointMode">Normal</P>
      <P Name="SenseConstraintForce">off</P>
      <P Name="SenseConstraintForceX">off</P>
      <P Name="SenseConstraintForceY">off</P>
      <P Name="SenseConstraintForceZ">off</P>
      <P Name="SenseConstraintTorque">off</P>
      <P Name="SenseConstraintTorqueX">off</P>
      <P Name="SenseConstraintTorqueY">off</P>
      <P Name="SenseConstraintTorqueZ">off</P>
      <P Name="SenseTotalForce">off</P>
      <P Name="SenseTotalForceX">off</P>
      <P Name="SenseTotalForceY">off</P>
      <P Name="SenseTotalForceZ">off</P>
      <P Name="SenseTotalTorque">off</P>
      <P Name="SenseTotalTorqueX">off</P>
      <P Name="SenseTotalTorqueY">off</P>
      <P Name="SenseTotalTorqueZ">off</P>
      <P Name="CompositeWrenchDir">FollowerOnBase</P>
      <P Name="CompositeWrenchFrame">BaseFrame</P>
      <P Name="EquilibriumPosition">0</P>
      <P Name="EquilibriumPositionUnits">deg</P>
      <P Name="EquilibriumPosition_conf">compiletime</P>
      <P Name="SpringStiffness">0</P>
      <P Name="SpringStiffnessUnits">N*m/deg</P>
      <P Name="SpringStiffness_conf">compiletime</P>
      <P Name="DampingCoefficient">0</P>
      <P Name="DampingCoefficientUnits">N*m/(deg/s)</P>
      <P Name="DampingCoefficient_conf">compiletime</P>
      <P Name="TorqueActuationMode">NoTorque</P>
      <P Name="MotionActuationMode">ComputedMotion</P>
      <P Name="SensePosition">off</P>
      <P Name="SenseVelocity">off</P>
      <P Name="SenseAcceleration">off</P>
      <P Name="SenseTorqueForce">off</P>
      <P Name="SenseLowerLimitTorqueForce">off</P>
      <P Name="SenseUpperLimitTorqueForce">off</P>
      <P Name="LowerLimitSpecify">off</P>
      <P Name="LowerLimitBound">-90</P>
      <P Name="LowerLimitBoundUnits">deg</P>
      <P Name="LowerLimitBound_conf">compiletime</P>
      <P Name="LowerLimitStiffness">1e4</P>
      <P Name="LowerLimitStiffnessUnits">N*m/deg</P>
      <P Name="LowerLimitStiffness_conf">compiletime</P>
      <P Name="LowerLimitDamping">10</P>
      <P Name="LowerLimitDampingUnits">N*m/(deg/s)</P>
      <P Name="LowerLimitDamping_conf">compiletime</P>
      <P Name="LowerLimitTransitionRegionWidth">0.1</P>
      <P Name="LowerLimitTransitionRegionWidthUnits">deg</P>
      <P Name="LowerLimitTransitionRegionWidth_conf">compiletime</P>
      <P Name="UpperLimitSpecify">off</P>
      <P Name="UpperLimitBound">90</P>
      <P Name="UpperLimitBoundUnits">deg</P>
      <P Name="UpperLimitBound_conf">compiletime</P>
      <P Name="UpperLimitStiffness">1e4</P>
      <P Name="UpperLimitStiffnessUnits">N*m/deg</P>
      <P Name="UpperLimitStiffness_conf">compiletime</P>
      <P Name="UpperLimitDamping">10</P>
      <P Name="UpperLimitDampingUnits">N*m/(deg/s)</P>
      <P Name="UpperLimitDamping_conf">compiletime</P>
      <P Name="UpperLimitTransitionRegionWidth">0.1</P>
      <P Name="UpperLimitTransitionRegionWidthUnits">deg</P>
      <P Name="UpperLimitTransitionRegionWidth_conf">compiletime</P>
      <P Name="PositionTargetSpecify">on</P>
      <P Name="PositionTargetPriority">Low</P>
      <P Name="PositionTargetValue">smiData.RevoluteJoint(2).Rz.Pos</P>
      <P Name="PositionTargetValueUnits">deg</P>
      <P Name="PositionTargetValue_conf">compiletime</P>
      <P Name="VelocityTargetSpecify">off</P>
      <P Name="VelocityTargetPriority">High</P>
      <P Name="VelocityTargetValue">0</P>
      <P Name="VelocityTargetValueUnits">deg/s</P>
      <P Name="VelocityTargetValue_conf">compiletime</P>
    </InstanceData>
  </Block>
  <Block BlockType="Reference" Name="Revolute2" SID="16">
    <P Name="Ports">[0, 0, 0, 0, 0, 1, 1]</P>
    <P Name="Position">[540, 310, 580, 350]</P>
    <P Name="ZOrder">18</P>
    <P Name="LibraryVersion">7.21</P>
    <P Name="SourceBlock">sm_lib/Joints/Revolute Joint</P>
    <P Name="SourceType">Revolute Joint</P>
    <P Name="SourceProductBaseCode">MS</P>
    <InstanceData>
      <P Name="LogSimulationData">off</P>
      <P Name="JointMode">Normal</P>
      <P Name="SenseConstraintForce">off</P>
      <P Name="SenseConstraintForceX">off</P>
      <P Name="SenseConstraintForceY">off</P>
      <P Name="SenseConstraintForceZ">off</P>
      <P Name="SenseConstraintTorque">off</P>
      <P Name="SenseConstraintTorqueX">off</P>
      <P Name="SenseConstraintTorqueY">off</P>
      <P Name="SenseConstraintTorqueZ">off</P>
      <P Name="SenseTotalForce">off</P>
      <P Name="SenseTotalForceX">off</P>
      <P Name="SenseTotalForceY">off</P>
      <P Name="SenseTotalForceZ">off</P>
      <P Name="SenseTotalTorque">off</P>
      <P Name="SenseTotalTorqueX">off</P>
      <P Name="SenseTotalTorqueY">off</P>
      <P Name="SenseTotalTorqueZ">off</P>
      <P Name="CompositeWrenchDir">FollowerOnBase</P>
      <P Name="CompositeWrenchFrame">BaseFrame</P>
      <P Name="EquilibriumPosition">0</P>
      <P Name="EquilibriumPositionUnits">deg</P>
      <P Name="EquilibriumPosition_conf">compiletime</P>
      <P Name="SpringStiffness">0</P>
      <P Name="SpringStiffnessUnits">N*m/deg</P>
      <P Name="SpringStiffness_conf">compiletime</P>
      <P Name="DampingCoefficient">0</P>
      <P Name="DampingCoefficientUnits">N*m/(deg/s)</P>
      <P Name="DampingCoefficient_conf">compiletime</P>
      <P Name="TorqueActuationMode">NoTorque</P>
      <P Name="MotionActuationMode">ComputedMotion</P>
      <P Name="SensePosition">off</P>
      <P Name="SenseVelocity">off</P>
      <P Name="SenseAcceleration">off</P>
      <P Name="SenseTorqueForce">off</P>
      <P Name="SenseLowerLimitTorqueForce">off</P>
      <P Name="SenseUpperLimitTorqueForce">off</P>
      <P Name="LowerLimitSpecify">off</P>
      <P Name="LowerLimitBound">-90</P>
      <P Name="LowerLimitBoundUnits">deg</P>
      <P Name="LowerLimitBound_conf">compiletime</P>
      <P Name="LowerLimitStiffness">1e4</P>
      <P Name="LowerLimitStiffnessUnits">N*m/deg</P>
      <P Name="LowerLimitStiffness_conf">compiletime</P>
      <P Name="LowerLimitDamping">10</P>
      <P Name="LowerLimitDampingUnits">N*m/(deg/s)</P>
      <P Name="LowerLimitDamping_conf">compiletime</P>
      <P Name="LowerLimitTransitionRegionWidth">0.1</P>
      <P Name="LowerLimitTransitionRegionWidthUnits">deg</P>
      <P Name="LowerLimitTransitionRegionWidth_conf">compiletime</P>
      <P Name="UpperLimitSpecify">off</P>
      <P Name="UpperLimitBound">90</P>
      <P Name="UpperLimitBoundUnits">deg</P>
      <P Name="UpperLimitBound_conf">compiletime</P>
      <P Name="UpperLimitStiffness">1e4</P>
      <P Name="UpperLimitStiffnessUnits">N*m/deg</P>
      <P Name="UpperLimitStiffness_conf">compiletime</P>
      <P Name="UpperLimitDamping">10</P>
      <P Name="UpperLimitDampingUnits">N*m/(deg/s)</P>
      <P Name="UpperLimitDamping_conf">compiletime</P>
      <P Name="UpperLimitTransitionRegionWidth">0.1</P>
      <P Name="UpperLimitTransitionRegionWidthUnits">deg</P>
      <P Name="UpperLimitTransitionRegionWidth_conf">compiletime</P>
      <P Name="PositionTargetSpecify">on</P>
      <P Name="PositionTargetPriority">Low</P>
      <P Name="PositionTargetValue">smiData.RevoluteJoint(3).Rz.Pos</P>
      <P Name="PositionTargetValueUnits">deg</P>
      <P Name="PositionTargetValue_conf">compiletime</P>
      <P Name="VelocityTargetSpecify">off</P>
      <P Name="VelocityTargetPriority">High</P>
      <P Name="VelocityTargetValue">0</P>
      <P Name="VelocityTargetValueUnits">deg/s</P>
      <P Name="VelocityTargetValue_conf">compiletime</P>
    </InstanceData>
  </Block>
  <Block BlockType="Reference" Name="Revolute3" SID="17">
    <P Name="Ports">[0, 0, 0, 0, 0, 1, 1]</P>
    <P Name="Position">[540, 210, 580, 250]</P>
    <P Name="ZOrder">19</P>
    <P Name="LibraryVersion">7.21</P>
    <P Name="SourceBlock">sm_lib/Joints/Revolute Joint</P>
    <P Name="SourceType">Revolute Joint</P>
    <P Name="SourceProductBaseCode">MS</P>
    <InstanceData>
      <P Name="LogSimulationData">off</P>
      <P Name="JointMode">Normal</P>
      <P Name="SenseConstraintForce">off</P>
      <P Name="SenseConstraintForceX">off</P>
      <P Name="SenseConstraintForceY">off</P>
      <P Name="SenseConstraintForceZ">off</P>
      <P Name="SenseConstraintTorque">off</P>
      <P Name="SenseConstraintTorqueX">off</P>
      <P Name="SenseConstraintTorqueY">off</P>
      <P Name="SenseConstraintTorqueZ">off</P>
      <P Name="SenseTotalForce">off</P>
      <P Name="SenseTotalForceX">off</P>
      <P Name="SenseTotalForceY">off</P>
      <P Name="SenseTotalForceZ">off</P>
      <P Name="SenseTotalTorque">off</P>
      <P Name="SenseTotalTorqueX">off</P>
      <P Name="SenseTotalTorqueY">off</P>
      <P Name="SenseTotalTorqueZ">off</P>
      <P Name="CompositeWrenchDir">FollowerOnBase</P>
      <P Name="CompositeWrenchFrame">BaseFrame</P>
      <P Name="EquilibriumPosition">0</P>
      <P Name="EquilibriumPositionUnits">deg</P>
      <P Name="EquilibriumPosition_conf">compiletime</P>
      <P Name="SpringStiffness">0</P>
      <P Name="SpringStiffnessUnits">N*m/deg</P>
      <P Name="SpringStiffness_conf">compiletime</P>
      <P Name="DampingCoefficient">0</P>
      <P Name="DampingCoefficientUnits">N*m/(deg/s)</P>
      <P Name="DampingCoefficient_conf">compiletime</P>
      <P Name="TorqueActuationMode">NoTorque</P>
      <P Name="MotionActuationMode">ComputedMotion</P>
      <P Name="SensePosition">off</P>
      <P Name="SenseVelocity">off</P>
      <P Name="SenseAcceleration">off</P>
      <P Name="SenseTorqueForce">off</P>
      <P Name="SenseLowerLimitTorqueForce">off</P>
      <P Name="SenseUpperLimitTorqueForce">off</P>
      <P Name="LowerLimitSpecify">off</P>
      <P Name="LowerLimitBound">-90</P>
      <P Name="LowerLimitBoundUnits">deg</P>
      <P Name="LowerLimitBound_conf">compiletime</P>
      <P Name="LowerLimitStiffness">1e4</P>
      <P Name="LowerLimitStiffnessUnits">N*m/deg</P>
      <P Name="LowerLimitStiffness_conf">compiletime</P>
      <P Name="LowerLimitDamping">10</P>
      <P Name="LowerLimitDampingUnits">N*m/(deg/s)</P>
      <P Name="LowerLimitDamping_conf">compiletime</P>
      <P Name="LowerLimitTransitionRegionWidth">0.1</P>
      <P Name="LowerLimitTransitionRegionWidthUnits">deg</P>
      <P Name="LowerLimitTransitionRegionWidth_conf">compiletime</P>
      <P Name="UpperLimitSpecify">off</P>
      <P Name="UpperLimitBound">90</P>
      <P Name="UpperLimitBoundUnits">deg</P>
      <P Name="UpperLimitBound_conf">compiletime</P>
      <P Name="UpperLimitStiffness">1e4</P>
      <P Name="UpperLimitStiffnessUnits">N*m/deg</P>
      <P Name="UpperLimitStiffness_conf">compiletime</P>
      <P Name="UpperLimitDamping">10</P>
      <P Name="UpperLimitDampingUnits">N*m/(deg/s)</P>
      <P Name="UpperLimitDamping_conf">compiletime</P>
      <P Name="UpperLimitTransitionRegionWidth">0.1</P>
      <P Name="UpperLimitTransitionRegionWidthUnits">deg</P>
      <P Name="UpperLimitTransitionRegionWidth_conf">compiletime</P>
      <P Name="PositionTargetSpecify">on</P>
      <P Name="PositionTargetPriority">Low</P>
      <P Name="PositionTargetValue">smiData.RevoluteJoint(4).Rz.Pos</P>
      <P Name="PositionTargetValueUnits">deg</P>
      <P Name="PositionTargetValue_conf">compiletime</P>
      <P Name="VelocityTargetSpecify">off</P>
      <P Name="VelocityTargetPriority">High</P>
      <P Name="VelocityTargetValue">0</P>
      <P Name="VelocityTargetValueUnits">deg/s</P>
      <P Name="VelocityTargetValue_conf">compiletime</P>
    </InstanceData>
  </Block>
  <Block BlockType="Reference" Name="Revolute4" SID="18">
    <P Name="Ports">[0, 0, 0, 0, 0, 1, 1]</P>
    <P Name="Position">[335, 310, 375, 350]</P>
    <P Name="ZOrder">20</P>
    <P Name="LibraryVersion">7.21</P>
    <P Name="SourceBlock">sm_lib/Joints/Revolute Joint</P>
    <P Name="SourceType">Revolute Joint</P>
    <P Name="SourceProductBaseCode">MS</P>
    <InstanceData>
      <P Name="LogSimulationData">off</P>
      <P Name="JointMode">Normal</P>
      <P Name="SenseConstraintForce">off</P>
      <P Name="SenseConstraintForceX">off</P>
      <P Name="SenseConstraintForceY">off</P>
      <P Name="SenseConstraintForceZ">off</P>
      <P Name="SenseConstraintTorque">off</P>
      <P Name="SenseConstraintTorqueX">off</P>
      <P Name="SenseConstraintTorqueY">off</P>
      <P Name="SenseConstraintTorqueZ">off</P>
      <P Name="SenseTotalForce">off</P>
      <P Name="SenseTotalForceX">off</P>
      <P Name="SenseTotalForceY">off</P>
      <P Name="SenseTotalForceZ">off</P>
      <P Name="SenseTotalTorque">off</P>
      <P Name="SenseTotalTorqueX">off</P>
      <P Name="SenseTotalTorqueY">off</P>
      <P Name="SenseTotalTorqueZ">off</P>
      <P Name="CompositeWrenchDir">FollowerOnBase</P>
      <P Name="CompositeWrenchFrame">BaseFrame</P>
      <P Name="EquilibriumPosition">0</P>
      <P Name="EquilibriumPositionUnits">deg</P>
      <P Name="EquilibriumPosition_conf">compiletime</P>
      <P Name="SpringStiffness">0</P>
      <P Name="SpringStiffnessUnits">N*m/deg</P>
      <P Name="SpringStiffness_conf">compiletime</P>
      <P Name="DampingCoefficient">0</P>
      <P Name="DampingCoefficientUnits">N*m/(deg/s)</P>
      <P Name="DampingCoefficient_conf">compiletime</P>
      <P Name="TorqueActuationMode">NoTorque</P>
      <P Name="MotionActuationMode">ComputedMotion</P>
      <P Name="SensePosition">off</P>
      <P Name="SenseVelocity">off</P>
      <P Name="SenseAcceleration">off</P>
      <P Name="SenseTorqueForce">off</P>
      <P Name="SenseLowerLimitTorqueForce">off</P>
      <P Name="SenseUpperLimitTorqueForce">off</P>
      <P Name="LowerLimitSpecify">off</P>
      <P Name="LowerLimitBound">-90</P>
      <P Name="LowerLimitBoundUnits">deg</P>
      <P Name="LowerLimitBound_conf">compiletime</P>
      <P Name="LowerLimitStiffness">1e4</P>
      <P Name="LowerLimitStiffnessUnits">N*m/deg</P>
      <P Name="LowerLimitStiffness_conf">compiletime</P>
      <P Name="LowerLimitDamping">10</P>
      <P Name="LowerLimitDampingUnits">N*m/(deg/s)</P>
      <P Name="LowerLimitDamping_conf">compiletime</P>
      <P Name="LowerLimitTransitionRegionWidth">0.1</P>
      <P Name="LowerLimitTransitionRegionWidthUnits">deg</P>
      <P Name="LowerLimitTransitionRegionWidth_conf">compiletime</P>
      <P Name="UpperLimitSpecify">off</P>
      <P Name="UpperLimitBound">90</P>
      <P Name="UpperLimitBoundUnits">deg</P>
      <P Name="UpperLimitBound_conf">compiletime</P>
      <P Name="UpperLimitStiffness">1e4</P>
      <P Name="UpperLimitStiffnessUnits">N*m/deg</P>
      <P Name="UpperLimitStiffness_conf">compiletime</P>
      <P Name="UpperLimitDamping">10</P>
      <P Name="UpperLimitDampingUnits">N*m/(deg/s)</P>
      <P Name="UpperLimitDamping_conf">compiletime</P>
      <P Name="UpperLimitTransitionRegionWidth">0.1</P>
      <P Name="UpperLimitTransitionRegionWidthUnits">deg</P>
      <P Name="UpperLimitTransitionRegionWidth_conf">compiletime</P>
      <P Name="PositionTargetSpecify">on</P>
      <P Name="PositionTargetPriority">Low</P>
      <P Name="PositionTargetValue">smiData.RevoluteJoint(5).Rz.Pos</P>
      <P Name="PositionTargetValueUnits">deg</P>
      <P Name="PositionTargetValue_conf">compiletime</P>
      <P Name="VelocityTargetSpecify">off</P>
      <P Name="VelocityTargetPriority">High</P>
      <P Name="VelocityTargetValue">0</P>
      <P Name="VelocityTargetValueUnits">deg/s</P>
      <P Name="VelocityTargetValue_conf">compiletime</P>
    </InstanceData>
  </Block>
  <Block BlockType="Reference" Name="Revolute5" SID="19">
    <P Name="Ports">[0, 0, 0, 0, 0, 1, 1]</P>
    <P Name="Position">[130, 310, 170, 350]</P>
    <P Name="ZOrder">21</P>
    <P Name="LibraryVersion">7.21</P>
    <P Name="SourceBlock">sm_lib/Joints/Revolute Joint</P>
    <P Name="SourceType">Revolute Joint</P>
    <P Name="SourceProductBaseCode">MS</P>
    <InstanceData>
      <P Name="LogSimulationData">off</P>
      <P Name="JointMode">Normal</P>
      <P Name="SenseConstraintForce">off</P>
      <P Name="SenseConstraintForceX">off</P>
      <P Name="SenseConstraintForceY">off</P>
      <P Name="SenseConstraintForceZ">off</P>
      <P Name="SenseConstraintTorque">off</P>
      <P Name="SenseConstraintTorqueX">off</P>
      <P Name="SenseConstraintTorqueY">off</P>
      <P Name="SenseConstraintTorqueZ">off</P>
      <P Name="SenseTotalForce">off</P>
      <P Name="SenseTotalForceX">off</P>
      <P Name="SenseTotalForceY">off</P>
      <P Name="SenseTotalForceZ">off</P>
      <P Name="SenseTotalTorque">off</P>
      <P Name="SenseTotalTorqueX">off</P>
      <P Name="SenseTotalTorqueY">off</P>
      <P Name="SenseTotalTorqueZ">off</P>
      <P Name="CompositeWrenchDir">FollowerOnBase</P>
      <P Name="CompositeWrenchFrame">BaseFrame</P>
      <P Name="EquilibriumPosition">0</P>
      <P Name="EquilibriumPositionUnits">deg</P>
      <P Name="EquilibriumPosition_conf">compiletime</P>
      <P Name="SpringStiffness">0</P>
      <P Name="SpringStiffnessUnits">N*m/deg</P>
      <P Name="SpringStiffness_conf">compiletime</P>
      <P Name="DampingCoefficient">0</P>
      <P Name="DampingCoefficientUnits">N*m/(deg/s)</P>
      <P Name="DampingCoefficient_conf">compiletime</P>
      <P Name="TorqueActuationMode">NoTorque</P>
      <P Name="MotionActuationMode">ComputedMotion</P>
      <P Name="SensePosition">off</P>
      <P Name="SenseVelocity">off</P>
      <P Name="SenseAcceleration">off</P>
      <P Name="SenseTorqueForce">off</P>
      <P Name="SenseLowerLimitTorqueForce">off</P>
      <P Name="SenseUpperLimitTorqueForce">off</P>
      <P Name="LowerLimitSpecify">off</P>
      <P Name="LowerLimitBound">-90</P>
      <P Name="LowerLimitBoundUnits">deg</P>
      <P Name="LowerLimitBound_conf">compiletime</P>
      <P Name="LowerLimitStiffness">1e4</P>
      <P Name="LowerLimitStiffnessUnits">N*m/deg</P>
      <P Name="LowerLimitStiffness_conf">compiletime</P>
      <P Name="LowerLimitDamping">10</P>
      <P Name="LowerLimitDampingUnits">N*m/(deg/s)</P>
      <P Name="LowerLimitDamping_conf">compiletime</P>
      <P Name="LowerLimitTransitionRegionWidth">0.1</P>
      <P Name="LowerLimitTransitionRegionWidthUnits">deg</P>
      <P Name="LowerLimitTransitionRegionWidth_conf">compiletime</P>
      <P Name="UpperLimitSpecify">off</P>
      <P Name="UpperLimitBound">90</P>
      <P Name="UpperLimitBoundUnits">deg</P>
      <P Name="UpperLimitBound_conf">compiletime</P>
      <P Name="UpperLimitStiffness">1e4</P>
      <P Name="UpperLimitStiffnessUnits">N*m/deg</P>
      <P Name="UpperLimitStiffness_conf">compiletime</P>
      <P Name="UpperLimitDamping">10</P>
      <P Name="UpperLimitDampingUnits">N*m/(deg/s)</P>
      <P Name="UpperLimitDamping_conf">compiletime</P>
      <P Name="UpperLimitTransitionRegionWidth">0.1</P>
      <P Name="UpperLimitTransitionRegionWidthUnits">deg</P>
      <P Name="UpperLimitTransitionRegionWidth_conf">compiletime</P>
      <P Name="PositionTargetSpecify">on</P>
      <P Name="PositionTargetPriority">Low</P>
      <P Name="PositionTargetValue">smiData.RevoluteJoint(6).Rz.Pos</P>
      <P Name="PositionTargetValueUnits">deg</P>
      <P Name="PositionTargetValue_conf">compiletime</P>
      <P Name="VelocityTargetSpecify">off</P>
      <P Name="VelocityTargetPriority">High</P>
      <P Name="VelocityTargetValue">0</P>
      <P Name="VelocityTargetValueUnits">deg/s</P>
      <P Name="VelocityTargetValue_conf">compiletime</P>
    </InstanceData>
  </Block>
  <Block BlockType="SubSystem" Name="Riel_1_RIGID" SID="20">
    <P Name="Ports">[0, 0, 0, 0, 0, 2]</P>
    <P Name="Position">[235, 150, 275, 190]</P>
    <P Name="ZOrder">22</P>
    <P Name="RequestExecContextInheritance">off</P>
    <P Name="ContentPreviewEnabled">on</P>
    <Mask>
      <Display/>
    </Mask>
    <System Ref="system_20"/>
  </Block>
  <Block BlockType="Reference" Name="Solver&#xA;Configuration" SID="82">
    <P Name="Ports">[0, 0, 0, 0, 0, 0, 1]</P>
    <P Name="Position">[30, 100, 70, 140]</P>
    <P Name="ZOrder">25</P>
    <P Name="ShowName">off</P>
    <P Name="LibraryVersion">5.0</P>
    <P Name="SourceBlock">nesl_utility/Solver
Configuration</P>
    <P Name="SourceType">Solver
Configuration</P>
    <P Name="SourceProductBaseCode">SS</P>
    <InstanceData>
      <P Name="RTWMemSecFuncInitTerm">Inherit from model</P>
      <P Name="RTWMemSecFuncExecute">Inherit from model</P>
      <P Name="RTWMemSecDataConstants">Inherit from model</P>
      <P Name="RTWMemSecDataInternal">Inherit from model</P>
      <P Name="RTWMemSecDataParameters">Inherit from model</P>
      <P Name="ContentPreviewEnabled">on</P>
      <P Name="PhysicalDomain">network_engine_domain</P>
      <P Name="SubClassName">solver</P>
      <P Name="LeftPortType">input</P>
      <P Name="RightPortType">generic</P>
      <P Name="Tones">[]</P>
      <P Name="Harmonics">[]</P>
      <P Name="SimulateNoise">off</P>
      <P Name="Profile">off</P>
      <P Name="UseLocalSampling">off</P>
      <P Name="EnableSwitchedLinearOptims">on</P>
      <P Name="FrequencyDomain">off</P>
      <P Name="UseCCode">off</P>
      <P Name="RelTol">0.001</P>
      <P Name="AbsTol">1e-06</P>
      <P Name="MinStep">1e-09</P>
      <P Name="ToWorkspace">off</P>
      <P Name="RevertToSquareIcSolve">off</P>
      <P Name="NumHomotopyIterations">100</P>
      <P Name="PhasorMode">off</P>
      <P Name="PhasorModeNumHarmonics">1</P>
      <P Name="DoDC">off</P>
      <P Name="ResidualTolerance">1e-09</P>
      <P Name="UseLocalSolver">off</P>
      <P Name="LocalSolverChoice">NE_BACKWARD_EULER_ADVANCER</P>
      <P Name="LocalSolverSampleTime">0.001</P>
      <P Name="DoFixedCost">off</P>
      <P Name="MaxNonlinIter">3</P>
      <P Name="MaxModeIter">2</P>
      <P Name="ComputeImpulses">off</P>
      <P Name="ImpulseIterations">2</P>
      <P Name="LinearAlgebra">auto</P>
      <P Name="EquationFormulation">NE_TIME_EF</P>
      <P Name="DelaysMemoryBudget">1024</P>
      <P Name="AutomaticFiltering">on</P>
      <P Name="FilteringTimeConstant">0.001</P>
      <P Name="PartitionStorageMethod">AS_NEEDED</P>
      <P Name="PartitionMemoryBudget">1024</P>
      <P Name="PartitionMethod">ROBUST</P>
    </InstanceData>
  </Block>
  <Block BlockType="Reference" Name="Transform" SID="21">
    <P Name="Ports">[0, 0, 0, 0, 0, 1, 1]</P>
    <P Name="Position">[130, 110, 170, 150]</P>
    <P Name="ZOrder">23</P>
    <P Name="LibraryVersion">7.21</P>
    <P Name="SourceBlock">sm_lib/Frames and
Transforms/Rigid
Transform</P>
    <P Name="SourceType">Rigid
Transform</P>
    <P Name="SourceProductBaseCode">MS</P>
    <InstanceData>
      <P Name="LogSimulationData">off</P>
      <P Name="TranslationMethod">Cartesian</P>
      <P Name="TranslationStandardOffset">0</P>
      <P Name="TranslationLengthUnit">cm</P>
      <P Name="TranslationStandardOffset_conf">compiletime</P>
      <P Name="TranslationStandardAxis">+Z</P>
      <P Name="TranslationCartesianOffset">smiData.RigidTransform(21).translation</P>
      <P Name="TranslationCartesianOffset_conf">compiletime</P>
      <P Name="TranslationROffset">0</P>
      <P Name="TranslationROffsetUnits">m</P>
      <P Name="TranslationROffset_conf">compiletime</P>
      <P Name="TranslationZOffset">0</P>
      <P Name="TranslationZOffsetUnits">m</P>
      <P Name="TranslationZOffset_conf">compiletime</P>
      <P Name="TranslationThetaOffset">0</P>
      <P Name="TranslationThetaOffsetUnits">deg</P>
      <P Name="TranslationThetaOffset_conf">compiletime</P>
      <P Name="RotationMethod">ArbitraryAxis</P>
      <P Name="RotationAngleUnits">rad</P>
      <P Name="RotationStandardAxis">+Z</P>
      <P Name="RotationAngle">smiData.RigidTransform(21).angle</P>
      <P Name="RotationAngle_conf">compiletime</P>
      <P Name="RotationArbitraryAxis">smiData.RigidTransform(21).axis</P>
      <P Name="RotationArbitraryAxis_conf">compiletime</P>
      <P Name="FollAlignAxisA">+X</P>
      <P Name="BaseAlignAxisA">+Y</P>
      <P Name="FollAlignAxisB">+Y</P>
      <P Name="BaseAlignAxisB">+Z</P>
      <P Name="RotationSequenceAxes">FollowerAxes</P>
      <P Name="RotationSequence">XYX</P>
      <P Name="RotationSequenceAngles">[0 0 0]</P>
      <P Name="RotationSequenceAnglesUnits">deg</P>
      <P Name="RotationSequenceAngles_conf">compiletime</P>
      <P Name="RotationMatrix">[1 0 0; 0 1 0; 0 0 1]</P>
      <P Name="RotationMatrix_conf">compiletime</P>
    </InstanceData>
  </Block>
  <Block BlockType="Reference" Name="World" SID="22">
    <P Name="Ports">[0, 0, 0, 0, 0, 0, 1]</P>
    <P Name="Position">[30, 130, 70, 170]</P>
    <P Name="ZOrder">24</P>
    <P Name="LibraryVersion">7.21</P>
    <P Name="SourceBlock">sm_lib/Frames and
Transforms/World Frame</P>
    <P Name="SourceType">World Frame</P>
    <P Name="SourceProductBaseCode">MS</P>
    <InstanceData>
      <P Name="LogSimulationData">off</P>
    </InstanceData>
  </Block>
  <Line LineType="Connection">
    <P Name="ZOrder">1</P>
    <P Name="Points">[95, 50; 5, 0; 0, 80; 15, 0]</P>
    <P Name="Dst">21#lconn:1</P>
    <Branch ConnectType="SRC_DEST">
      <P Name="Points">[85, 50; 10, 0]</P>
      <Branch ConnectType="SRC_DEST">
        <P Name="Src">11#rconn:1</P>
        <P Name="Points">[0, 0]</P>
      </Branch>
      <Branch ConnectType="SRC_SRC">
        <P Name="Points">[10, 0; 0, 70]</P>
        <P Name="Dst">82#rconn:1</P>
      </Branch>
    </Branch>
    <Branch ConnectType="SRC_SRC">
      <P Name="Points">[0, 100]</P>
      <P Name="Dst">22#rconn:1</P>
    </Branch>
  </Line>
  <Line LineType="Connection">
    <P Name="ZOrder">4</P>
    <P Name="Src">6#rconn:2</P>
    <P Name="Points">[15, 0; 0, 65]</P>
    <P Name="Dst">14#lconn:1</P>
  </Line>
  <Line LineType="Connection">
    <P Name="ZOrder">5</P>
    <P Name="Src">7#lconn:1</P>
    <P Name="Dst">16#rconn:1</P>
  </Line>
  <Line LineType="Connection">
    <P Name="ZOrder">6</P>
    <P Name="Src">5#lconn:1</P>
    <P Name="Dst">8#rconn:1</P>
  </Line>
  <Line LineType="Connection">
    <P Name="ZOrder">7</P>
    <P Name="Src">5#rconn:1</P>
    <P Name="Points">[15, 0; 0, 50]</P>
    <P Name="Dst">10#lconn:1</P>
  </Line>
  <Line LineType="Connection">
    <P Name="ZOrder">8</P>
    <P Name="Src">3#rconn:1</P>
    <P Name="Points">[15, 0; 0, -85]</P>
    <P Name="Dst">17#lconn:1</P>
  </Line>
  <Line LineType="Connection">
    <P Name="ZOrder">9</P>
    <P Name="Src">8#lconn:1</P>
    <P Name="Dst">17#rconn:1</P>
  </Line>
  <Line LineType="Connection">
    <P Name="ZOrder">10</P>
    <P Name="Src">2#rconn:1</P>
    <P Name="Dst">18#lconn:1</P>
  </Line>
  <Line LineType="Connection">
    <P Name="ZOrder">11</P>
    <P Name="Src">3#lconn:1</P>
    <P Name="Dst">18#rconn:1</P>
  </Line>
  <Line LineType="Connection">
    <P Name="ZOrder">12</P>
    <P Name="Src">1#rconn:2</P>
    <P Name="Points">[15, 0; 0, 50]</P>
    <P Name="Dst">19#lconn:1</P>
  </Line>
  <Line LineType="Connection">
    <P Name="ZOrder">13</P>
    <P Name="Src">2#lconn:1</P>
    <P Name="Dst">19#rconn:1</P>
  </Line>
  <Line LineType="Connection">
    <P Name="ZOrder">14</P>
    <P Name="Src">1#rconn:1</P>
    <P Name="Points">[15, 0; 0, -30]</P>
    <P Name="Dst">13#lconn:1</P>
  </Line>
  <Line LineType="Connection">
    <P Name="ZOrder">15</P>
    <P Name="Src">9#lconn:2</P>
    <P Name="Points">[-15, 0; 0, 115]</P>
    <P Name="Dst">14#rconn:1</P>
  </Line>
  <Line LineType="Connection">
    <P Name="ZOrder">16</P>
    <P Name="Src">13#rconn:1</P>
    <P Name="Points">[15, 0; 0, -50]</P>
    <P Name="Dst">20#lconn:2</P>
  </Line>
  <Line LineType="Connection">
    <P Name="ZOrder">17</P>
    <P Name="Src">20#lconn:1</P>
    <P Name="Points">[-15, 0; 0, -30]</P>
    <P Name="Dst">21#rconn:1</P>
  </Line>
  <Line LineType="Connection">
    <P Name="ZOrder">18</P>
    <P Name="Src">6#rconn:1</P>
    <P Name="Points">[15, 0; 0, -15]</P>
    <P Name="Dst">15#lconn:1</P>
  </Line>
  <Line LineType="Connection">
    <P Name="ZOrder">19</P>
    <P Name="Src">10#lconn:2</P>
    <P Name="Points">[-25, 0; 0, 130]</P>
    <P Name="Dst">15#rconn:1</P>
  </Line>
  <Line LineType="Connection">
    <P Name="ZOrder">20</P>
    <P Name="Src">3#rconn:3</P>
    <P Name="Points">[15, 0; 0, 95]</P>
    <P Name="Dst">12#lconn:1</P>
  </Line>
  <Line LineType="Connection">
    <P Name="ZOrder">21</P>
    <P Name="Src">6#lconn:1</P>
    <P Name="Points">[-15, 0; 0, -15]</P>
    <P Name="Dst">12#rconn:1</P>
  </Line>
  <Line LineType="Connection">
    <P Name="ZOrder">22</P>
    <P Name="Src">4#lconn:1</P>
    <P Name="Dst">7#rconn:1</P>
  </Line>
  <Line LineType="Connection">
    <P Name="ZOrder">23</P>
    <P Name="Src">4#rconn:1</P>
    <P Name="Points">[25, 0; 0, 65]</P>
    <P Name="Dst">9#lconn:1</P>
  </Line>
  <Line LineType="Connection">
    <P Name="ZOrder">24</P>
    <P Name="Src">3#rconn:2</P>
    <P Name="Dst">16#lconn:1</P>
  </Line>
</System>
