<?xml version="1.0" encoding="utf-8"?>
<System>
  <P Name="Location">[30, 30, 1010, 750]</P>
  <P Name="SystemRect">[0.000000, 0.000000, 0.000000, 0.000000]</P>
  <P Name="SetExecutionDomain">off</P>
  <P Name="ExecutionDomainType">Deduce</P>
  <P Name="SimulinkSubDomain">Simulink</P>
  <Block BlockType="Reference" Name="ReferenceFrame" SID="35">
    <P Name="Ports">[0, 0, 0, 0, 0, 0, 1]</P>
    <P Name="Position">[30, 230, 70, 270]</P>
    <P Name="ZOrder">2</P>
    <P Name="LibraryVersion">7.21</P>
    <P Name="SourceBlock">sm_lib/Frames and
Transforms/Reference
Frame</P>
    <P Name="SourceType">Reference
Frame</P>
    <P Name="SourceProductBaseCode">MS</P>
    <InstanceData>
      <P Name="LogSimulationData">off</P>
    </InstanceData>
  </Block>
  <Block BlockType="Reference" Name="Solid" SID="36">
    <P Name="Ports">[0, 0, 0, 0, 0, 0, 1]</P>
    <P Name="Position">[30, 130, 70, 170]</P>
    <P Name="ZOrder">7</P>
    <P Name="LibraryVersion">7.21</P>
    <P Name="SourceBlock">sm_lib/Body Elements/File Solid</P>
    <P Name="SourceType">File Solid</P>
    <P Name="SourceProductBaseCode">MS</P>
    <InstanceData>
      <P Name="LogSimulationData">off</P>
      <P Name="ExtGeomFileName">BrazoB_2_Predeterminado_sldprt.STEP</P>
      <P Name="UnitType">FromFile</P>
      <P Name="ExtGeomFileUnits">m</P>
      <P Name="StepReaderType">HEX</P>
      <P Name="ExportConvexHullGeometry">off</P>
      <P Name="InertiaType">Custom</P>
      <P Name="Mass">smiData.Solid(3).mass</P>
      <P Name="MassUnits">kg</P>
      <P Name="Mass_conf">compiletime</P>
      <P Name="CenterOfMass">smiData.Solid(3).CoM</P>
      <P Name="CenterOfMassUnits">cm</P>
      <P Name="CenterOfMass_conf">compiletime</P>
      <P Name="MomentsOfInertia">smiData.Solid(3).MoI</P>
      <P Name="MomentsOfInertiaUnits">kg*cm^2</P>
      <P Name="MomentsOfInertia_conf">compiletime</P>
      <P Name="ProductsOfInertia">smiData.Solid(3).PoI</P>
      <P Name="ProductsOfInertiaUnits">kg*cm^2</P>
      <P Name="ProductsOfInertia_conf">compiletime</P>
      <P Name="BasedOnType">DensityFromFile</P>
      <P Name="Density">1000</P>
      <P Name="DensityUnits">kg/m^3</P>
      <P Name="Density_conf">compiletime</P>
      <P Name="DoExposeReferenceFrame">on</P>
      <P Name="SerializedFrames">&lt;Frames/&gt;</P>
      <P Name="GraphicType">FromGeometry</P>
      <P Name="MarkerShape">Sphere</P>
      <P Name="MarkerSize">10</P>
      <P Name="MarkerSize_conf">compiletime</P>
      <P Name="GraphicVisPropType">SimpleVisualProperties</P>
      <P Name="GraphicDiffuseColor">smiData.Solid(3).color</P>
      <P Name="GraphicDiffuseColor_conf">compiletime</P>
      <P Name="GraphicSpecularColor">[0.5 0.5 0.5 1.0]</P>
      <P Name="GraphicSpecularColor_conf">compiletime</P>
      <P Name="GraphicAmbientColor">[0.15 0.15 0.15 1.0]</P>
      <P Name="GraphicAmbientColor_conf">compiletime</P>
      <P Name="GraphicEmissiveColor">[0.0 0.0 0.0 1.0]</P>
      <P Name="GraphicEmissiveColor_conf">compiletime</P>
      <P Name="GraphicShininess">75</P>
      <P Name="GraphicShininess_conf">compiletime</P>
      <P Name="GraphicOpacity">smiData.Solid(3).opacity</P>
      <P Name="GraphicOpacity_conf">compiletime</P>
    </InstanceData>
  </Block>
  <Block BlockType="Reference" Name="Transform" SID="37">
    <P Name="Ports">[0, 0, 0, 0, 0, 1, 1]</P>
    <P Name="Position">[130, 330, 170, 370]</P>
    <P Name="ZOrder">8</P>
    <P Name="LibraryVersion">7.21</P>
    <P Name="SourceBlock">sm_lib/Frames and
Transforms/Rigid
Transform</P>
    <P Name="SourceType">Rigid
Transform</P>
    <P Name="SourceProductBaseCode">MS</P>
    <InstanceData>
      <P Name="LogSimulationData">off</P>
      <P Name="TranslationMethod">Cartesian</P>
      <P Name="TranslationStandardOffset">0</P>
      <P Name="TranslationLengthUnit">cm</P>
      <P Name="TranslationStandardOffset_conf">compiletime</P>
      <P Name="TranslationStandardAxis">+Z</P>
      <P Name="TranslationCartesianOffset">smiData.RigidTransform(5).translation</P>
      <P Name="TranslationCartesianOffset_conf">compiletime</P>
      <P Name="TranslationROffset">0</P>
      <P Name="TranslationROffsetUnits">m</P>
      <P Name="TranslationROffset_conf">compiletime</P>
      <P Name="TranslationZOffset">0</P>
      <P Name="TranslationZOffsetUnits">m</P>
      <P Name="TranslationZOffset_conf">compiletime</P>
      <P Name="TranslationThetaOffset">0</P>
      <P Name="TranslationThetaOffsetUnits">deg</P>
      <P Name="TranslationThetaOffset_conf">compiletime</P>
      <P Name="RotationMethod">ArbitraryAxis</P>
      <P Name="RotationAngleUnits">rad</P>
      <P Name="RotationStandardAxis">+Z</P>
      <P Name="RotationAngle">smiData.RigidTransform(5).angle</P>
      <P Name="RotationAngle_conf">compiletime</P>
      <P Name="RotationArbitraryAxis">smiData.RigidTransform(5).axis</P>
      <P Name="RotationArbitraryAxis_conf">compiletime</P>
      <P Name="FollAlignAxisA">+X</P>
      <P Name="BaseAlignAxisA">+Y</P>
      <P Name="FollAlignAxisB">+Y</P>
      <P Name="BaseAlignAxisB">+Z</P>
      <P Name="RotationSequenceAxes">FollowerAxes</P>
      <P Name="RotationSequence">XYX</P>
      <P Name="RotationSequenceAngles">[0 0 0]</P>
      <P Name="RotationSequenceAnglesUnits">deg</P>
      <P Name="RotationSequenceAngles_conf">compiletime</P>
      <P Name="RotationMatrix">[1 0 0; 0 1 0; 0 0 1]</P>
      <P Name="RotationMatrix_conf">compiletime</P>
    </InstanceData>
  </Block>
  <Block BlockType="Reference" Name="Transform1" SID="38">
    <P Name="Ports">[0, 0, 0, 0, 0, 1, 1]</P>
    <P Name="Position">[130, 230, 170, 270]</P>
    <P Name="ZOrder">9</P>
    <P Name="LibraryVersion">7.21</P>
    <P Name="SourceBlock">sm_lib/Frames and
Transforms/Rigid
Transform</P>
    <P Name="SourceType">Rigid
Transform</P>
    <P Name="SourceProductBaseCode">MS</P>
    <InstanceData>
      <P Name="LogSimulationData">off</P>
      <P Name="TranslationMethod">Cartesian</P>
      <P Name="TranslationStandardOffset">0</P>
      <P Name="TranslationLengthUnit">cm</P>
      <P Name="TranslationStandardOffset_conf">compiletime</P>
      <P Name="TranslationStandardAxis">+Z</P>
      <P Name="TranslationCartesianOffset">smiData.RigidTransform(9).translation</P>
      <P Name="TranslationCartesianOffset_conf">compiletime</P>
      <P Name="TranslationROffset">0</P>
      <P Name="TranslationROffsetUnits">m</P>
      <P Name="TranslationROffset_conf">compiletime</P>
      <P Name="TranslationZOffset">0</P>
      <P Name="TranslationZOffsetUnits">m</P>
      <P Name="TranslationZOffset_conf">compiletime</P>
      <P Name="TranslationThetaOffset">0</P>
      <P Name="TranslationThetaOffsetUnits">deg</P>
      <P Name="TranslationThetaOffset_conf">compiletime</P>
      <P Name="RotationMethod">ArbitraryAxis</P>
      <P Name="RotationAngleUnits">rad</P>
      <P Name="RotationStandardAxis">+Z</P>
      <P Name="RotationAngle">smiData.RigidTransform(9).angle</P>
      <P Name="RotationAngle_conf">compiletime</P>
      <P Name="RotationArbitraryAxis">smiData.RigidTransform(9).axis</P>
      <P Name="RotationArbitraryAxis_conf">compiletime</P>
      <P Name="FollAlignAxisA">+X</P>
      <P Name="BaseAlignAxisA">+Y</P>
      <P Name="FollAlignAxisB">+Y</P>
      <P Name="BaseAlignAxisB">+Z</P>
      <P Name="RotationSequenceAxes">FollowerAxes</P>
      <P Name="RotationSequence">XYX</P>
      <P Name="RotationSequenceAngles">[0 0 0]</P>
      <P Name="RotationSequenceAnglesUnits">deg</P>
      <P Name="RotationSequenceAngles_conf">compiletime</P>
      <P Name="RotationMatrix">[1 0 0; 0 1 0; 0 0 1]</P>
      <P Name="RotationMatrix_conf">compiletime</P>
    </InstanceData>
  </Block>
  <Block BlockType="Reference" Name="Transform2" SID="39">
    <P Name="Ports">[0, 0, 0, 0, 0, 1, 1]</P>
    <P Name="Position">[130, 130, 170, 170]</P>
    <P Name="ZOrder">10</P>
    <P Name="LibraryVersion">7.21</P>
    <P Name="SourceBlock">sm_lib/Frames and
Transforms/Rigid
Transform</P>
    <P Name="SourceType">Rigid
Transform</P>
    <P Name="SourceProductBaseCode">MS</P>
    <InstanceData>
      <P Name="LogSimulationData">off</P>
      <P Name="TranslationMethod">Cartesian</P>
      <P Name="TranslationStandardOffset">0</P>
      <P Name="TranslationLengthUnit">cm</P>
      <P Name="TranslationStandardOffset_conf">compiletime</P>
      <P Name="TranslationStandardAxis">+Z</P>
      <P Name="TranslationCartesianOffset">smiData.RigidTransform(13).translation</P>
      <P Name="TranslationCartesianOffset_conf">compiletime</P>
      <P Name="TranslationROffset">0</P>
      <P Name="TranslationROffsetUnits">m</P>
      <P Name="TranslationROffset_conf">compiletime</P>
      <P Name="TranslationZOffset">0</P>
      <P Name="TranslationZOffsetUnits">m</P>
      <P Name="TranslationZOffset_conf">compiletime</P>
      <P Name="TranslationThetaOffset">0</P>
      <P Name="TranslationThetaOffsetUnits">deg</P>
      <P Name="TranslationThetaOffset_conf">compiletime</P>
      <P Name="RotationMethod">ArbitraryAxis</P>
      <P Name="RotationAngleUnits">rad</P>
      <P Name="RotationStandardAxis">+Z</P>
      <P Name="RotationAngle">smiData.RigidTransform(13).angle</P>
      <P Name="RotationAngle_conf">compiletime</P>
      <P Name="RotationArbitraryAxis">smiData.RigidTransform(13).axis</P>
      <P Name="RotationArbitraryAxis_conf">compiletime</P>
      <P Name="FollAlignAxisA">+X</P>
      <P Name="BaseAlignAxisA">+Y</P>
      <P Name="FollAlignAxisB">+Y</P>
      <P Name="BaseAlignAxisB">+Z</P>
      <P Name="RotationSequenceAxes">FollowerAxes</P>
      <P Name="RotationSequence">XYX</P>
      <P Name="RotationSequenceAngles">[0 0 0]</P>
      <P Name="RotationSequenceAnglesUnits">deg</P>
      <P Name="RotationSequenceAngles_conf">compiletime</P>
      <P Name="RotationMatrix">[1 0 0; 0 1 0; 0 0 1]</P>
      <P Name="RotationMatrix_conf">compiletime</P>
    </InstanceData>
  </Block>
  <Block BlockType="Reference" Name="Transform3" SID="40">
    <P Name="Ports">[0, 0, 0, 0, 0, 1, 1]</P>
    <P Name="Position">[130, 30, 170, 70]</P>
    <P Name="ZOrder">11</P>
    <P Name="LibraryVersion">7.21</P>
    <P Name="SourceBlock">sm_lib/Frames and
Transforms/Rigid
Transform</P>
    <P Name="SourceType">Rigid
Transform</P>
    <P Name="SourceProductBaseCode">MS</P>
    <InstanceData>
      <P Name="LogSimulationData">off</P>
      <P Name="TranslationMethod">Cartesian</P>
      <P Name="TranslationStandardOffset">0</P>
      <P Name="TranslationLengthUnit">cm</P>
      <P Name="TranslationStandardOffset_conf">compiletime</P>
      <P Name="TranslationStandardAxis">+Z</P>
      <P Name="TranslationCartesianOffset">smiData.RigidTransform(16).translation</P>
      <P Name="TranslationCartesianOffset_conf">compiletime</P>
      <P Name="TranslationROffset">0</P>
      <P Name="TranslationROffsetUnits">m</P>
      <P Name="TranslationROffset_conf">compiletime</P>
      <P Name="TranslationZOffset">0</P>
      <P Name="TranslationZOffsetUnits">m</P>
      <P Name="TranslationZOffset_conf">compiletime</P>
      <P Name="TranslationThetaOffset">0</P>
      <P Name="TranslationThetaOffsetUnits">deg</P>
      <P Name="TranslationThetaOffset_conf">compiletime</P>
      <P Name="RotationMethod">ArbitraryAxis</P>
      <P Name="RotationAngleUnits">rad</P>
      <P Name="RotationStandardAxis">+Z</P>
      <P Name="RotationAngle">smiData.RigidTransform(16).angle</P>
      <P Name="RotationAngle_conf">compiletime</P>
      <P Name="RotationArbitraryAxis">smiData.RigidTransform(16).axis</P>
      <P Name="RotationArbitraryAxis_conf">compiletime</P>
      <P Name="FollAlignAxisA">+X</P>
      <P Name="BaseAlignAxisA">+Y</P>
      <P Name="FollAlignAxisB">+Y</P>
      <P Name="BaseAlignAxisB">+Z</P>
      <P Name="RotationSequenceAxes">FollowerAxes</P>
      <P Name="RotationSequence">XYX</P>
      <P Name="RotationSequenceAngles">[0 0 0]</P>
      <P Name="RotationSequenceAnglesUnits">deg</P>
      <P Name="RotationSequenceAngles_conf">compiletime</P>
      <P Name="RotationMatrix">[1 0 0; 0 1 0; 0 0 1]</P>
      <P Name="RotationMatrix_conf">compiletime</P>
    </InstanceData>
  </Block>
  <Block BlockType="PMIOPort" Name="F3" SID="41">
    <P Name="Position">[230, 40, 250, 60]</P>
    <P Name="ZOrder">12</P>
    <P Name="BlockMirror">on</P>
    <P Name="Side">Left</P>
  </Block>
  <Block BlockType="PMIOPort" Name="F2" SID="42">
    <P Name="Position">[230, 140, 250, 160]</P>
    <P Name="ZOrder">13</P>
    <P Name="BlockMirror">on</P>
    <P Name="Port">2</P>
    <P Name="Side">Right</P>
  </Block>
  <Block BlockType="PMIOPort" Name="F1" SID="43">
    <P Name="Position">[230, 240, 250, 260]</P>
    <P Name="ZOrder">14</P>
    <P Name="BlockMirror">on</P>
    <P Name="Port">3</P>
    <P Name="Side">Right</P>
  </Block>
  <Block BlockType="PMIOPort" Name="F" SID="44">
    <P Name="Position">[230, 340, 250, 360]</P>
    <P Name="ZOrder">15</P>
    <P Name="BlockMirror">on</P>
    <P Name="Port">4</P>
    <P Name="Side">Right</P>
  </Block>
  <Line LineType="Connection">
    <P Name="ZOrder">1</P>
    <P Name="Points">[85, 250; 10, 0; 0, -100; -10, 0]</P>
    <P Name="Dst">36#rconn:1</P>
    <Branch ConnectType="SRC_DEST">
      <P Name="Src">35#rconn:1</P>
      <P Name="Points">[0, 0]</P>
    </Branch>
    <Branch ConnectType="SRC_SRC">
      <P Name="Points">[15, 0; 0, 100]</P>
      <P Name="Dst">37#lconn:1</P>
    </Branch>
    <Branch ConnectType="SRC_SRC">
      <P Name="Dst">38#lconn:1</P>
    </Branch>
    <Branch ConnectType="SRC_SRC">
      <P Name="Points">[15, 0; 0, -100]</P>
      <P Name="Dst">39#lconn:1</P>
    </Branch>
    <Branch ConnectType="SRC_SRC">
      <P Name="Points">[15, 0; 0, -200]</P>
      <P Name="Dst">40#lconn:1</P>
    </Branch>
  </Line>
  <Line LineType="Connection">
    <P Name="ZOrder">7</P>
    <P Name="Src">37#rconn:1</P>
    <P Name="Dst">44#rconn:1</P>
  </Line>
  <Line LineType="Connection">
    <P Name="ZOrder">8</P>
    <P Name="Src">38#rconn:1</P>
    <P Name="Dst">43#rconn:1</P>
  </Line>
  <Line LineType="Connection">
    <P Name="ZOrder">9</P>
    <P Name="Src">39#rconn:1</P>
    <P Name="Dst">42#rconn:1</P>
  </Line>
  <Line LineType="Connection">
    <P Name="ZOrder">10</P>
    <P Name="Src">40#rconn:1</P>
    <P Name="Dst">41#rconn:1</P>
  </Line>
</System>
